id,name,strength,budget,stadium,country,badge
1,Sportivo Pedal Club,82,160000,Pedal Club,Argentina,pedal.png
2,Huracán San Rafael,80,145000,Pretel Hermanos,Argentina,huracan.png
3,San Martín (Salto de las Rosas),76,110000,San Martín,Argentina,sanmartin.png
4,Rincón del Atuel,75,105000,Rincón del Atuel,Argentina,rincon.png
5,Deportivo Argentino,74,100000,Argentino,Argentina,argentino.png
6,Atlético Pilares,73,95000,Pilares,Argentina,pilares.png
7,Monte Comán,72,90000,Monte Comán,Argentina,montecoman.png
8,El Porvenir,70,82000,El Porvenir,Argentina,porvenir.png
9,Las Paredes,69,80000,Las Paredes,Argentina,lasparedes.png
10,La Llave,70,85000,La Llave,Argentina,lallave.png
